Score,term,df,sumsq,meansq,statistic,p.value
LOF,Trial,1,14.64641026,14.64641026,52.06723865,4.69E-11
LOF,Dose,2,5.015488621,2.507744311,8.914902641,2.41E-04
LOF,Trial:Dose,2,1.580225665,0.790112832,2.808810669,0.064117052
LOF,Residuals,124,34.88095238,0.281298003,NA,NA
Anemone,Trial,1,23.38564103,23.38564103,35.32877486,2.63E-08
Anemone,Dose,2,8.732637216,4.366318608,6.596213758,0.00189529
Anemone,Trial:Dose,2,3.99307707,1.996538535,3.01617819,0.052596356
Anemone,Residuals,124,82.08095238,0.661943164,NA,NA
