name,term,df,sumsq,meansq,statistic,p.value
Tenacibaculum spp.,Dose,2,1613816.6666666658,806908.3333333329,0.25816591790756244,0.7806280901388725
Tenacibaculum spp.,Treatment,1,95408.33333333248,95408.33333333248,0.030525375601562113,0.867049977199807
Tenacibaculum spp.,Dose:Treatment,2,7056816.666666662,3528408.333333331,1.1288949915347994,0.3835855608176597
Tenacibaculum spp.,Residuals,6,18753250.000000007,3125541.666666668,NA,NA
Vibrio spp.,Dose,2,6312866.666666665,3156433.3333333326,2.7203596770950034,0.14424267048609266
Vibrio spp.,Treatment,1,374533.33333333273,374533.33333333273,0.3227900830245046,0.5905481265705761
Vibrio spp.,Dose:Treatment,2,178466.66666666686,89233.33333333343,0.0769053980292454,0.926875351385864
Vibrio spp.,Residuals,6,6961800,1160300,NA,NA
