name,term,df,sumsq,meansq,statistic,p.value
Tenacibaculum spp.,Dose,2,3752987383296.378,1876493691648.189,16.47980816874733,9.053149742729187e-6
Tenacibaculum spp.,Trial,1,2946510018939.3896,2946510018939.3896,25.87694277659048,1.2335184670642503e-5
Tenacibaculum spp.,Dose:Trial,2,3393746175000.009,1696873087500.0044,14.902337851265681,2.08007884555858e-5
Tenacibaculum spp.,Residuals,35,3985318186666.6655,113866233904.76187,NA,NA
Vibrio spp.,Dose,2,2898571137892.1787,1449285568946.0894,4.694265988995614,0.015629752000838087
Vibrio spp.,Trial,1,5584124974200.071,5584124974200.071,18.087096502141115,1.4930653186411805e-4
Vibrio spp.,Dose:Trial,2,308728379184.16766,154364189592.08383,0.49998880872589757,0.6108038108720242
Vibrio spp.,Residuals,35,10805735131333.334,308735289466.6667,NA,NA
